email,pass,Room ID
anulekha.choudhary+spuser@stayntouch.com,admin@123,329028
anulekha.choudhary+spuser@stayntouch.com,admin@123,329208
anulekha.choudhary+spuser@stayntouch.com,admin@123,331008
anulekha.choudhary+spuser@stayntouch.com,admin@123,331017
anulekha.choudhary+spuser@stayntouch.com,admin@123,329038
anulekha.choudhary+spuser@stayntouch.com,admin@123,329058
anulekha.choudhary+spuser@stayntouch.com,admin@123,329078
anulekha.choudhary+spuser@stayntouch.com,admin@123,329098
anulekha.choudhary+spuser@stayntouch.com,admin@123,329118
,,329138
,,329158
,,329178
,,329198
,,329029
,,329218
,,329238
,,329258
,,329278
,,329298
,,329318
,,329338
,,329358
,,329378
,,329398
,,329049
,,329418
,,329438
,,329458
,,329478
,,329498
,,329518
,,329538
,,329558
,,329578
,,329598
,,329069
,,329618
,,329638
,,329658
,,329678
,,329698
,,329718
,,329738
,,329758
,,329778
,,329798
,,329089
,,329818
,,329838
,,329858
,,329878
,,329898
,,329918
,,329938
,,329958
,,329978
,,329998
,,329109
,,330018
,,330038
,,330058
,,330078
,,330098
,,330118
,,330138
,,330158
,,330178
,,330198
,,329129
,,330218
,,330238
,,330258
,,330278
,,330298
,,330318
,,330338
,,330358
,,330378
,,330398
,,329149
,,330418
,,330438
,,330458
,,330478
,,330498
,,330518
,,330538
,,330558
,,330578
,,330598
,,329169
,,330618
,,330638
,,330658
,,330678
,,330698
,,330718
,,330738
,,330758
,,330778
,,330798
,,329189
,,330818
,,330838
,,330858
,,330878
,,330898
,,330918
,,330938
,,330958
,,330978
,,330998
,,329228
,,329209
,,331018
,,329039
,,329059
,,329079
,,329099
,,329119
,,329139
,,329159
,,329179
,,329199
,,329229
,,329219
,,329239
,,329259
,,329279
,,329299
,,329319
,,329339
,,329359
,,329379
,,329399
,,329249
,,329419
,,329439
,,329459
,,329479
,,329499
,,329519
,,329539
,,329559
,,329579
,,329599
,,329269
,,329619
,,329639
,,329659
,,329679
,,329699
,,329719
,,329739
,,329759
,,329779
,,329799
,,329289
,,329819
,,329839
,,329859
,,329879
,,329899
,,329919
,,329939
,,329959
,,329979
,,329999
,,329309
,,330019
,,330039
,,330059
,,330079
,,330099
,,330119
,,330139
,,330159
,,330179
,,330199
,,329329
,,330219
,,330239
,,330259
,,330279
,,330299
,,330319
,,330339
,,330359
,,330379
,,330399
,,329349
,,330419
,,330439
,,330459
,,330479
,,330499
,,330519
,,330539
,,330559
,,330579
,,330599
,,329369
,,330619
,,330639
,,330659
,,330679
,,330699
,,330719
,,330739
,,330759
,,330779
,,330799
,,329389
,,330819
,,330839
,,330859
,,330879
,,330899
,,330919
,,330939
,,330959
,,330979
,,330999
,,329248
,,329409
,,331019
,,329040
,,329060
,,329080
,,329100
,,329120
,,329140
,,329160
,,329180
,,329200
,,329429
,,329220
,,329240
,,329260
,,329280
,,329300
,,329320
,,329340
,,329360
,,329380
,,329400
,,329449
,,329420
,,329440
,,329460
,,329480
,,329500
,,329520
,,329540
,,329560
,,329580
,,329600
,,329469
,,329620
,,329640
,,329660
,,329680
,,329700
,,329720
,,329740
,,329760
,,329780
,,329800
,,329489
,,329820
,,329840
,,329860
,,329880
,,329900
,,329920
,,329940
,,329960
,,329980
,,330000
,,329509
,,330020
,,330040
,,330060
,,330080
,,330100
,,330120
,,330140
,,330160
,,330180
,,330200
,,329529
,,330220
,,330240
,,330260
,,330280
,,330300
,,330320
,,330340
,,330360
,,330380
,,330400
,,329549
,,330420
,,330440
,,330460
,,330480
,,330500
,,330520
,,330540
,,330560
,,330580
,,330600
,,329569
,,330620
,,330640
,,330660
,,330680
,,330700
,,330720
,,330740
,,330760
,,330780
,,330800
,,329589
,,330820
,,330840
,,330860
,,330880
,,330900
,,330920
,,330940
,,330960
,,330980
,,331000
,,329268
,,329609
,,331020
,,329041
,,329061
,,329081
,,329101
,,329121
,,329141
,,329161
,,329181
,,329201
,,329629
,,329221
,,329241
,,329261
,,329281
,,329301
,,329321
,,329341
,,329361
,,329381
,,329401
,,329649
,,329421
,,329441
,,329461
,,329481
,,329501
,,329521
,,329541
,,329561
,,329581
,,329601
,,329669
,,329621
,,329641
,,329661
,,329681
,,329701
,,329721
,,329741
,,329761
,,329781
,,329801
,,329689
,,329821
,,329841
,,329861
,,329881
,,329901
,,329921
,,329941
,,329961
,,329981
,,330001
,,329709
,,330021
,,330041
,,330061
,,330081
,,330101
,,330121
,,330141
,,330161
,,330181
,,330201
,,329729
,,330221
,,330241
,,330261
,,330281
,,330301
,,330321
,,330341
,,330361
,,330381
,,330401
,,329749
,,330421
,,330441
,,330461
,,330481
,,330501
,,330521
,,330541
,,330561
,,330581
,,330601
,,329769
,,330621
,,330641
,,330661
,,330681
,,330701
,,330721
,,330741
,,330761
,,330781
,,330801
,,329789
,,330821
,,330841
,,330861
,,330881
,,330901
,,330921
,,330941
,,330961
,,330981
,,331001
,,329288
,,329809
,,331021
,,329042
,,329062
,,329082
,,329102
,,329122
,,329142
,,329162
,,329182
,,329202
,,329829
,,329222
,,329242
,,329262
,,329282
,,329302
,,329322
,,329342
,,329362
,,329382
,,329402
,,329849
,,329422
,,329442
,,329462
,,329482
,,329502
,,329522
,,329542
,,329562
,,329582
,,329602
,,329869
,,329622
,,329642
,,329662
,,329682
,,329702
,,329722
,,329742
,,329762
,,329782
,,329802
,,329889
,,329822
,,329842
,,329862
,,329882
,,329902
,,329922
,,329942
,,329962
,,329982
,,330002
,,329909
,,330022
,,330042
,,330062
,,330082
,,330102
,,330122
,,330142
,,330162
,,330182
,,330202
,,329929
,,330222
,,330242
,,330262
,,330282
,,330302
,,330322
,,330342
,,330362
,,330382
,,330402
,,329949
,,330422
,,330442
,,330462
,,330482
,,330502
,,330522
,,330542
,,330562
,,330582
,,330602
,,329969
,,330622
,,330642
,,330662
,,330682
,,330702
,,330722
,,330742
,,330762
,,330782
,,330802
,,329989
,,330822
,,330842
,,330862
,,330882
,,330902
,,330922
,,330942
,,330962
,,330982
,,331002
,,329308
,,330009
,,331022
,,329043
,,329063
,,329083
,,329103
,,329123
,,329143
,,329163
,,329183
,,329203
,,330029
,,329223
,,329243
,,329263
,,329283
,,329303
,,329323
,,329343
,,329363
,,329383
,,329403
,,330049
,,329423
,,329443
,,329463
,,329483
,,329503
,,329523
,,329543
,,329563
,,329583
,,329603
,,330069
,,329623
,,329643
,,329663
,,329683
,,329703
,,329723
,,329743
,,329763
,,329783
,,329803
,,330089
,,329823
,,329843
,,329863
,,329883
,,329903
,,329923
,,329943
,,329963
,,329983
,,330003
,,330109
,,330023
,,330043
,,330063
,,330083
,,330103
,,330123
,,330143
,,330163
,,330183
,,330203
,,330129
,,330223
,,330243
,,330263
,,330283
,,330303
,,330323
,,330343
,,330363
,,330383
,,330403
,,330149
,,330423
,,330443
,,330463
,,330483
,,330503
,,330523
,,330543
,,330563
,,330583
,,330603
,,330169
,,330623
,,330643
,,330663
,,330683
,,330703
,,330723
,,330743
,,330763
,,330783
,,330803
,,330189
,,330823
,,330843
,,330863
,,330883
,,330903
,,330923
,,330943
,,330963
,,330983
,,331003
,,329328
,,330209
,,331023
,,329044
,,329064
,,329084
,,329104
,,329124
,,329144
,,329164
,,329184
,,329204
,,330229
,,329224
,,329244
,,329264
,,329284
,,329304
,,329324
,,329344
,,329364
,,329384
,,329404
,,330249
,,329424
,,329444
,,329464
,,329484
,,329504
,,329524
,,329544
,,329564
,,329584
,,329604
,,330269
,,329624
,,329644
,,329664
,,329684
,,329704
,,329724
,,329744
,,329764
,,329784
,,329804
,,330289
,,329824
,,329844
,,329864
,,329884
,,329904
,,329924
,,329944
,,329964
,,329984
,,330004
,,330309
,,330024
,,330044
,,330064
,,330084
,,330104
,,330124
,,330144
,,330164
,,330184
,,330204
,,330329
,,330224
,,330244
,,330264
,,330284
,,330304
,,330324
,,330344
,,330364
,,330384
,,330404
,,330349
,,330424
,,330444
,,330464
,,330484
,,330504
,,330524
,,330544
,,330564
,,330584
,,330604
,,330369
,,330624
,,330644
,,330664
,,330684
,,330704
,,330724
,,330744
,,330764
,,330784
,,330804
,,330389
,,330824
,,330844
,,330864
,,330884
,,330904
,,330924
,,330944
,,330964
,,330984
,,331004
,,329348
,,330409
,,331024
,,329045
,,329065
,,329085
,,329105
,,329125
,,329145
,,329165
,,329185
,,329205
,,330429
,,329225
,,329245
,,329265
,,329285
,,329305
,,329325
,,329345
,,329365
,,329385
,,329405
,,330449
,,329425
,,329445
,,329465
,,329485
,,329505
,,329525
,,329545
,,329565
,,329585
,,329605
,,330469
,,329625
,,329645
,,329665
,,329685
,,329705
,,329725
,,329745
,,329765
,,329785
,,329805
,,330489
,,329825
,,329845
,,329865
,,329885
,,329905
,,329925
,,329945
,,329965
,,329985
,,330005
,,330509
,,330025
,,330045
,,330065
,,330085
,,330105
,,330125
,,330145
,,330165
,,330185
,,330205
,,330529
,,330225
,,330245
,,330265
,,330285
,,330305
,,330325
,,330345
,,330365
,,330385
,,330405
,,330549
,,330425
,,330445
,,330465
,,330485
,,330505
,,330525
,,330545
,,330565
,,330585
,,330605
,,330569
,,330625
,,330645
,,330665
,,330685
,,330705
,,330725
,,330745
,,330765
,,330785
,,330805
,,330589
,,330825
,,330845
,,330865
,,330885
,,330905
,,330925
,,330945
,,330965
,,330985
,,331005
,,329368
,,330609
,,331025
,,329046
,,329066
,,329086
,,329106
,,329126
,,329146
,,329166
,,329186
,,329206
,,330629
,,329226
,,329246
,,329266
,,329286
,,329306
,,329326
,,329346
,,329366
,,329386
,,329406
,,330649
,,329426
,,329446
,,329466
,,329486
,,329506
,,329526
,,329546
,,329566
,,329586
,,329606
,,330669
,,329626
,,329646
,,329666
,,329686
,,329706
,,329726
,,329746
,,329766
,,329786
,,329806
,,330689
,,329826
,,329846
,,329866
,,329886
,,329906
,,329926
,,329946
,,329966
,,329986
,,330006
,,330709
,,330026
,,330046
,,330066
,,330086
,,330106
,,330126
,,330146
,,330166
,,330186
,,330206
,,330729
,,330226
,,330246
,,330266
,,330286
,,330306
,,330326
,,330346
,,330366
,,330386
,,330406
,,330749
,,330426
,,330446
,,330466
,,330486
,,330506
,,330526
,,330546
,,330566
,,330586
,,330606
,,330769
,,330626
,,330646
,,330666
,,330686
,,330706
,,330726
,,330746
,,330766
,,330786
,,330806
,,330789
,,330826
,,330846
,,330866
,,330886
,,330906
,,330926
,,330946
,,330966
,,330986
,,331006
,,329388
,,330809
,,331026
,,329047
,,329067
,,329087
,,329107
,,329127
,,329147
,,329167
,,329187
,,329207
,,330829
,,329227
,,329247
,,329267
,,329287
,,329307
,,329327
,,329347
,,329367
,,329387
,,329407
,,330849
,,329427
,,329447
,,329467
,,329487
,,329507
,,329527
,,329547
,,329567
,,329587
,,329607
,,330869
,,329627
,,329647
,,329667
,,329687
,,329707
,,329727
,,329747
,,329767
,,329787
,,329807
,,330889
,,329827
,,329847
,,329867
,,329887
,,329907
,,329927
,,329947
,,329967
,,329987
,,330007
,,330909
,,330027
,,330047
,,330067
,,330087
,,330107
,,330127
,,330147
,,330167
,,330187
,,330207
,,330929
,,330227
,,330247
,,330267
,,330287
,,330307
,,330327
,,330347
,,330367
,,330387
,,330407
,,330949
,,330427
,,330447
,,330467
,,330487
,,330507
,,330527
,,330547
,,330567
,,330587
,,330607
,,330969
,,330627
,,330647
,,330667
,,330687
,,330707
,,330727
,,330747
,,330767
,,330787
,,330807
,,330989
,,330827
,,330847
,,330867
,,330887
,,330907
,,330927
,,330947
,,330967
,,330987
,,331007
,,329048
,,329408
,,331009
,,331027
,,329030
,,329050
,,329070
,,329090
,,329110
,,329130
,,329150
,,329170
,,329190
,,329428
,,329210
,,329230
,,329250
,,329270
,,329290
,,329310
,,329330
,,329350
,,329370
,,329390
,,329448
,,329410
,,329430
,,329450
,,329470
,,329490
,,329510
,,329530
,,329550
,,329570
,,329590
,,329468
,,329610
,,329630
,,329650
,,329670
,,329690
,,329710
,,329730
,,329750
,,329770
,,329790
,,329488
,,329810
,,329830
,,329850
,,329870
,,329890
,,329910
,,329930
,,329950
,,329970
,,329990
,,329508
,,330010
,,330030
,,330050
,,330070
,,330090
,,330110
,,330130
,,330150
,,330170
,,330190
,,329528
,,330210
,,330230
,,330250
,,330270
,,330290
,,330310
,,330330
,,330350
,,330370
,,330390
,,329548
,,330410
,,330430
,,330450
,,330470
,,330490
,,330510
,,330530
,,330550
,,330570
,,330590
,,329568
,,330610
,,330630
,,330650
,,330670
,,330690
,,330710
,,330730
,,330750
,,330770
,,330790
,,329588
,,330810
,,330830
,,330850
,,330870
,,330890
,,330910
,,330930
,,330950
,,330970
,,330990
,,329068
,,329608
,,331010
,,329031
,,329051
,,329071
,,329091
,,329111
,,329131
,,329151
,,329171
,,329191
,,329628
,,329211
,,329231
,,329251
,,329271
,,329291
,,329311
,,329331
,,329351
,,329371
,,329391
,,329648
,,329411
,,329431
,,329451
,,329471
,,329491
,,329511
,,329531
,,329551
,,329571
,,329591
,,329668
,,329611
,,329631
,,329651
,,329671
,,329691
,,329711
,,329731
,,329751
,,329771
,,329791
,,329688
,,329811
,,329831
,,329851
,,329871
,,329891
,,329911
,,329931
,,329951
,,329971
,,329991
,,329708
,,330011
,,330031
,,330051
,,330071
,,330091
,,330111
,,330131
,,330151
,,330171
,,330191
,,329728
,,330211
,,330231
,,330251
,,330271
,,330291
,,330311
,,330331
,,330351
,,330371
,,330391
,,329748
,,330411
,,330431
,,330451
,,330471
,,330491
,,330511
,,330531
,,330551
,,330571
,,330591
,,329768
,,330611
,,330631
,,330651
,,330671
,,330691
,,330711
,,330731
,,330751
,,330771
,,330791
,,329788
,,330811
,,330831
,,330851
,,330871
,,330891
,,330911
,,330931
,,330951
,,330971
,,330991
,,329088
,,329808
,,331011
,,329032
,,329052
,,329072
,,329092
,,329112
,,329132
,,329152
,,329172
,,329192
,,329828
,,329212
,,329232
,,329252
,,329272
,,329292
,,329312
,,329332
,,329352
,,329372
,,329392
,,329848
,,329412
,,329432
,,329452
,,329472
,,329492
,,329512
,,329532
,,329552
,,329572
,,329592
,,329868
,,329612
,,329632
,,329652
,,329672
,,329692
,,329712
,,329732
,,329752
,,329772
,,329792
,,329888
,,329812
,,329832
,,329852
,,329872
,,329892
,,329912
,,329932
,,329952
,,329972
,,329992
,,329908
,,330012
,,330032
,,330052
,,330072
,,330092
,,330112
,,330132
,,330152
,,330172
,,330192
,,329928
,,330212
,,330232
,,330252
,,330272
,,330292
,,330312
,,330332
,,330352
,,330372
,,330392
,,329948
,,330412
,,330432
,,330452
,,330472
,,330492
,,330512
,,330532
,,330552
,,330572
,,330592
,,329968
,,330612
,,330632
,,330652
,,330672
,,330692
,,330712
,,330732
,,330752
,,330772
,,330792
,,329988
,,330812
,,330832
,,330852
,,330872
,,330892
,,330912
,,330932
,,330952
,,330972
,,330992
,,329108
,,330008
,,331012
,,329033
,,329053
,,329073
,,329093
,,329113
,,329133
,,329153
,,329173
,,329193
,,330028
,,329213
,,329233
,,329253
,,329273
,,329293
,,329313
,,329333
,,329353
,,329373
,,329393
,,330048
,,329413
,,329433
,,329453
,,329473
,,329493
,,329513
,,329533
,,329553
,,329573
,,329593
,,330068
,,329613
,,329633
,,329653
,,329673
,,329693
,,329713
,,329733
,,329753
,,329773
,,329793
,,330088
,,329813
,,329833
,,329853
,,329873
,,329893
,,329913
,,329933
,,329953
,,329973
,,329993
,,330108
,,330013
,,330033
,,330053
,,330073
,,330093
,,330113
,,330133
,,330153
,,330173
,,330193
,,330128
,,330213
,,330233
,,330253
,,330273
,,330293
,,330313
,,330333
,,330353
,,330373
,,330393
,,330148
,,330413
,,330433
,,330453
,,330473
,,330493
,,330513
,,330533
,,330553
,,330573
,,330593
,,330168
,,330613
,,330633
,,330653
,,330673
,,330693
,,330713
,,330733
,,330753
,,330773
,,330793
,,330188
,,330813
,,330833
,,330853
,,330873
,,330893
,,330913
,,330933
,,330953
,,330973
,,330993
,,329128
,,330208
,,331013
,,329034
,,329054
,,329074
,,329094
,,329114
,,329134
,,329154
,,329174
,,329194
,,330228
,,329214
,,329234
,,329254
,,329274
,,329294
,,329314
,,329334
,,329354
,,329374
,,329394
,,330248
,,329414
,,329434
,,329454
,,329474
,,329494
,,329514
,,329534
,,329554
,,329574
,,329594
,,330268
,,329614
,,329634
,,329654
,,329674
,,329694
,,329714
,,329734
,,329754
,,329774
,,329794
,,330288
,,329814
,,329834
,,329854
,,329874
,,329894
,,329914
,,329934
,,329954
,,329974
,,329994
,,330308
,,330014
,,330034
,,330054
,,330074
,,330094
,,330114
,,330134
,,330154
,,330174
,,330194
,,330328
,,330214
,,330234
,,330254
,,330274
,,330294
,,330314
,,330334
,,330354
,,330374
,,330394
,,330348
,,330414
,,330434
,,330454
,,330474
,,330494
,,330514
,,330534
,,330554
,,330574
,,330594
,,330368
,,330614
,,330634
,,330654
,,330674
,,330694
,,330714
,,330734
,,330754
,,330774
,,330794
,,330388
,,330814
,,330834
,,330854
,,330874
,,330894
,,330914
,,330934
,,330954
,,330974
,,330994
,,329148
,,330408
,,331014
,,329035
,,329055
,,329075
,,329095
,,329115
,,329135
,,329155
,,329175
,,329195
,,330428
,,329215
,,329235
,,329255
,,329275
,,329295
,,329315
,,329335
,,329355
,,329375
,,329395
,,330448
,,329415
,,329435
,,329455
,,329475
,,329495
,,329515
,,329535
,,329555
,,329575
,,329595
,,330468
,,329615
,,329635
,,329655
,,329675
,,329695
,,329715
,,329735
,,329755
,,329775
,,329795
,,330488
,,329815
,,329835
,,329855
,,329875
,,329895
,,329915
,,329935
,,329955
,,329975
,,329995
,,330508
,,330015
,,330035
,,330055
,,330075
,,330095
,,330115
,,330135
,,330155
,,330175
,,330195
,,330528
,,330215
,,330235
,,330255
,,330275
,,330295
,,330315
,,330335
,,330355
,,330375
,,330395
,,330548
,,330415
,,330435
,,330455
,,330475
,,330495
,,330515
,,330535
,,330555
,,330575
,,330595
,,330568
,,330615
,,330635
,,330655
,,330675
,,330695
,,330715
,,330735
,,330755
,,330775
,,330795
,,330588
,,330815
,,330835
,,330855
,,330875
,,330895
,,330915
,,330935
,,330955
,,330975
,,330995
,,329168
,,330608
,,331015
,,329036
,,329056
,,329076
,,329096
,,329116
,,329136
,,329156
,,329176
,,329196
,,330628
,,329216
,,329236
,,329256
,,329276
,,329296
,,329316
,,329336
,,329356
,,329376
,,329396
,,330648
,,329416
,,329436
,,329456
,,329476
,,329496
,,329516
,,329536
,,329556
,,329576
,,329596
,,330668
,,329616
,,329636
,,329656
,,329676
,,329696
,,329716
,,329736
,,329756
,,329776
,,329796
,,330688
,,329816
,,329836
,,329856
,,329876
,,329896
,,329916
,,329936
,,329956
,,329976
,,329996
,,330708
,,330016
,,330036
,,330056
,,330076
,,330096
,,330116
,,330136
,,330156
,,330176
,,330196
,,330728
,,330216
,,330236
,,330256
,,330276
,,330296
,,330316
,,330336
,,330356
,,330376
,,330396
,,330748
,,330416
,,330436
,,330456
,,330476
,,330496
,,330516
,,330536
,,330556
,,330576
,,330596
,,330768
,,330616
,,330636
,,330656
,,330676
,,330696
,,330716
,,330736
,,330756
,,330776
,,330796
,,330788
,,330816
,,330836
,,330856
,,330876
,,330896
,,330916
,,330936
,,330956
,,330976
,,330996
,,329188
,,330808
,,331016
,,329037
,,329057
,,329077
,,329097
,,329117
,,329137
,,329157
,,329177
,,329197
,,330828
,,329217
,,329237
,,329257
,,329277
,,329297
,,329317
,,329337
,,329357
,,329377
,,329397
,,330848
,,329417
,,329437
,,329457
,,329477
,,329497
,,329517
,,329537
,,329557
,,329577
,,329597
,,330868
,,329617
,,329637
,,329657
,,329677
,,329697
,,329717
,,329737
,,329757
,,329777
,,329797
,,330888
,,329817
,,329837
,,329857
,,329877
,,329897
,,329917
,,329937
,,329957
,,329977
,,329997
,,330908
,,330017
,,330037
,,330057
,,330077
,,330097
,,330117
,,330137
,,330157
,,330177
,,330197
,,330928
,,330217
,,330237
,,330257
,,330277
,,330297
,,330317
,,330337
,,330357
,,330377
,,330397
,,330948
,,330417
,,330437
,,330457
,,330477
,,330497
,,330517
,,330537
,,330557
,,330577
,,330597
,,330968
,,330617
,,330637
,,330657
,,330677
,,330697
,,330717
,,330737
,,330757
,,330777
,,330797
,,330988
,,330817
,,330837
,,330857
,,330877
,,330897
,,330917
,,330937
,,330957
,,330977
,,330997
